'user1', '4-469-581-62-42'
'user2', '8-696-186-54-22'
'user3', '2-378-149-47-41'
'user4', '3-695-326-88-34'
'user5', '2-615-335-90-97'
'user6', '9-968-180-76-79'
'user7', '3-301-145-68-23'
'user8', '4-721-891-36-96'
'user9', '8-766-520-39-26'
'user10', '3-752-750-44-20'
'user11', '1-642-123-87-62'
'user12', '9-198-292-32-78'
'user13', '4-880-620-27-61'
'user14', '10-423-781-59-20'
'user15', '3-126-291-24-12'
'user16', '9-655-985-73-65'
'user17', '2-118-119-60-84'
'user18', '8-300-131-61-40'
'user19', '5-769-418-66-53'
'user20', '10-939-286-70-78'
'user21', '6-571-304-78-58'
'user22', '2-823-381-39-64'
'user23', '2-680-993-28-52'
'user24', '5-522-262-81-64'
'user25', '6-801-330-70-21'
'user26', '4-123-518-14-94'
'user27', '2-168-419-33-85'
'user28', '8-399-206-35-71'
'user29', '7-531-979-94-37'
'user30', '9-966-644-97-91'
'user31', '8-887-403-19-33'
'user32', '6-561-845-37-33'
'user33', '8-502-732-83-98'
'user34', '7-535-285-18-19'
'user35', '8-869-497-54-93'
'user36', '4-286-973-21-73'
'user37', '5-900-111-69-39'
'user38', '4-754-929-41-58'
'user39', '10-128-775-66-75'
'user40', '3-392-808-86-77'
'user41', '8-747-325-17-64'
'user42', '1-961-251-60-14'
'user43', '8-357-720-49-58'
'user44', '5-352-293-16-52'
'user45', '3-996-425-51-15'
'user46', '8-659-333-26-22'
'user47', '8-491-752-47-27'
'user48', '1-627-101-49-59'
'user49', '3-747-883-91-19'
'user50', '5-198-148-35-65'
'user51', '4-244-417-97-25'
'user52', '5-911-681-69-39'
'user53', '1-100-654-97-82'
'user54', '9-681-668-59-15'
'user55', '10-236-948-54-74'
'user56', '4-417-303-13-22'
'user57', '10-787-307-55-69'
'user58', '9-325-265-34-45'
'user59', '1-998-315-15-66'
'user60', '8-517-957-32-73'
'user61', '2-489-999-28-59'
'user62', '1-680-711-30-10'
'user63', '9-179-621-58-75'
'user64', '6-416-773-91-44'
'user65', '10-575-534-62-79'
'user66', '7-797-430-97-87'
'user67', '6-333-848-19-72'
'user68', '6-549-600-78-97'
'user69', '4-960-303-71-91'
'user70', '3-302-660-60-23'
'user71', '5-613-481-34-94'
'user72', '9-920-835-29-53'
'user73', '9-516-614-18-24'
'user74', '5-341-377-27-47'
'user75', '10-589-144-19-54'
'user76', '7-353-577-84-93'
'user77', '6-153-402-85-70'
'user78', '10-121-666-95-83'
'user79', '4-243-758-88-80'
'user80', '10-226-642-64-71'
'user81', '4-620-193-20-66'
'user82', '5-897-691-21-95'
'user83', '2-654-398-84-36'
'user84', '9-611-899-11-78'
'user85', '2-213-399-25-49'
'user86', '5-243-406-28-25'
'user87', '5-906-980-99-92'
'user88', '8-417-160-57-52'
'user89', '3-266-275-82-55'
'user90', '2-510-680-88-69'
'user91', '10-938-645-34-25'
'user92', '3-848-809-75-27'
'user93', '7-249-578-54-87'
'user94', '9-107-459-50-42'
'user95', '10-783-269-72-25'
'user96', '9-939-568-63-26'
'user97', '6-919-605-79-34'
'user98', '5-464-151-86-58'
'user99', '7-547-612-85-30'
'user100', '4-316-427-73-98'
